[
  {
    "Title": "Pulp Fiction",
    "Genre": "Crime",
    "Description": "The lives of two mob hitmen, a boxer, a gangster, and his wife intertwine in four tales of violence and redemption."
  },
  {
    "Title": "The Shawshank Redemption",
    "Genre": "Drama",
    "Description": "Two imprisoned men bond over a number of years, finding solace and eventual redemption through acts of common decency."
  },
  {
    "Title": "Forrest Gump",
    "Genre": "Drama",
    "Description": "The presidencies of Kennedy and Johnson, the events of Vietnam, Watergate, and other history unfold through the perspective of an Alabama man with an IQ of 75."
  },
  {
    "Title": "The Matrix",
    "Genre": "SciFi",
    "Description": "A computer hacker learns from mysterious rebels about the true nature of his reality and his role in the war against its controllers."
  },
  {
    "Title": "The Lion King",
    "Genre": "Animation",
    "Description": "Lion prince Simba and his father are targeted by his bitter uncle, who wants to ascend the throne himself."
  },
  {
    "Title": "Fight Club",
    "Genre": "Drama",
    "Description": "An insomniac office worker and a devil-may-care soapmaker form an underground fight club that evolves into something much, much more."
  },
  {
    "Title": "Jurassic Park",
    "Genre": "SciFi",
    "Description": "A pragmatic paleontologist visiting an almost complete theme park is tasked with protecting a couple of kids after a power failure causes the park's cloned dinosaurs to run loose."
  },
  {
    "Title": "Titanic",
    "Genre": "Romance",
    "Description": "A seventeen-year-old aristocrat falls in love with a kind but poor artist aboard the luxurious, ill-fated R.M.S. Titanic."
  },
  {
    "Title": "Schindler's List",
    "Genre": "Drama",
    "Description": "In German-occupied Poland during World War II, industrialist Oskar Schindler gradually becomes concerned for his Jewish workforce after witnessing their persecution by the Nazis."
  },
  {
    "Title": "The Lord of the Rings: The Fellowship of the Ring",
    "Genre": "Fantasy",
    "Description": "A meek Hobbit from the Shire and eight companions set out on a journey to destroy the powerful One Ring and save Middle-earth from the Dark Lord Sauron."
  },
  {
    "Title": "A Movie with an Excessively Long Title that Exceeds the Maximum Length of One Hundred and Fifty Characters Just to Test the Validation Rules",
    "Genre": "Animation",
    "Description": "This movie title is intentionally too long to validate the title length constraint."
  },
  {
    "Title": "Missing Genre",
    "Description": "This movie is missing a genre."
  },
  {
    "Title": "No Description",
    "Genre": "SciFi",
    "Description": null
  },
  {
    "Title": "Invalid Genre Movie",
    "Genre": "InvalidGenre",
    "Description": "This movie has an invalid genre to test the validation rules."
  }
]
